{
  "cities": [
    {"name": "Hudson", "slug": "hudson-ma", "county": "Middlesex", "nearby": ["Marlborough", "Stow", "Berlin", "Bolton"]},
    {"name": "Southborough", "slug": "southborough-ma", "county": "Worcester", "nearby": ["Westborough", "Marlborough", "Framingham", "Hopkinton"]},
    {"name": "Fayville", "slug": "fayville-ma", "county": "Worcester", "nearby": ["Southborough", "Westborough", "Framingham"]},
    {"name": "Berlin", "slug": "berlin-ma", "county": "Worcester", "nearby": ["Hudson", "Bolton", "Northborough", "Clinton"]},
    {"name": "Westborough", "slug": "westborough-ma", "county": "Worcester", "nearby": ["Southborough", "Northborough", "Shrewsbury", "Grafton"]},
    {"name": "Stow", "slug": "stow-ma", "county": "Middlesex", "nearby": ["Hudson", "Maynard", "Bolton", "Sudbury"]},
    {"name": "Northborough", "slug": "northborough-ma", "county": "Worcester", "nearby": ["Westborough", "Marlborough", "Berlin", "Shrewsbury"]},
    {"name": "Sudbury", "slug": "sudbury-ma", "county": "Middlesex", "nearby": ["Framingham", "Wayland", "Concord", "Maynard"]},
    {"name": "Bolton", "slug": "bolton-ma", "county": "Worcester", "nearby": ["Hudson", "Stow", "Berlin", "Harvard"]},
    {"name": "Framingham", "slug": "framingham-ma", "county": "Middlesex", "nearby": ["Natick", "Ashland", "Sudbury", "Southborough"]},
    {"name": "Maynard", "slug": "maynard-ma", "county": "Middlesex", "nearby": ["Stow", "Sudbury", "Acton", "Concord"]},
    {"name": "Woodville", "slug": "woodville-ma", "county": "Middlesex", "nearby": ["Hopkinton", "Milford", "Holliston"]},
    {"name": "Ashland", "slug": "ashland-ma", "county": "Middlesex", "nearby": ["Framingham", "Hopkinton", "Holliston", "Sherborn"]},
    {"name": "Clinton", "slug": "clinton-ma", "county": "Worcester", "nearby": ["Berlin", "Lancaster", "Sterling", "Boylston"]},
    {"name": "Hopkinton", "slug": "hopkinton-ma", "county": "Middlesex", "nearby": ["Ashland", "Southborough", "Holliston", "Westborough"]},
    {"name": "Wayland", "slug": "wayland-ma", "county": "Middlesex", "nearby": ["Sudbury", "Framingham", "Natick", "Weston"]},
    {"name": "Boxborough", "slug": "boxborough-ma", "county": "Middlesex", "nearby": ["Acton", "Stow", "Littleton", "Harvard"]},
    {"name": "Boylston", "slug": "boylston-ma", "county": "Worcester", "nearby": ["West Boylston", "Clinton", "Northborough", "Shrewsbury"]},
    {"name": "South Lancaster", "slug": "south-lancaster-ma", "county": "Worcester", "nearby": ["Lancaster", "Clinton", "Sterling"]},
    {"name": "Acton", "slug": "acton-ma", "county": "Middlesex", "nearby": ["Maynard", "Concord", "Boxborough", "Littleton"]},
    {"name": "Lancaster", "slug": "lancaster-ma", "county": "Worcester", "nearby": ["Clinton", "Sterling", "Harvard", "Leominster"]},
    {"name": "Shrewsbury", "slug": "shrewsbury-ma", "county": "Worcester", "nearby": ["Worcester", "Westborough", "Northborough", "Grafton"]},
    {"name": "Harvard", "slug": "harvard-ma", "county": "Worcester", "nearby": ["Bolton", "Lancaster", "Boxborough", "Littleton"]},
    {"name": "Still River", "slug": "still-river-ma", "county": "Worcester", "nearby": ["Harvard", "Bolton", "Lancaster"]},
    {"name": "Natick", "slug": "natick-ma", "county": "Middlesex", "nearby": ["Framingham", "Wellesley", "Wayland", "Sherborn"]},
    {"name": "Concord", "slug": "concord-ma", "county": "Middlesex", "nearby": ["Acton", "Sudbury", "Lincoln", "Carlisle"]},
    {"name": "Holliston", "slug": "holliston-ma", "county": "Middlesex", "nearby": ["Ashland", "Hopkinton", "Milford", "Sherborn"]},
    {"name": "Sherborn", "slug": "sherborn-ma", "county": "Middlesex", "nearby": ["Natick", "Holliston", "Dover", "Millis"]},
    {"name": "North Grafton", "slug": "north-grafton-ma", "county": "Worcester", "nearby": ["Grafton", "Westborough", "Shrewsbury"]},
    {"name": "West Boylston", "slug": "west-boylston-ma", "county": "Worcester", "nearby": ["Boylston", "Holden", "Worcester", "Sterling"]},
    {"name": "Weston", "slug": "weston-ma", "county": "Middlesex", "nearby": ["Wayland", "Wellesley", "Lincoln", "Newton"]},
    {"name": "Lincoln", "slug": "lincoln-ma", "county": "Middlesex", "nearby": ["Concord", "Weston", "Lexington", "Bedford"]},
    {"name": "Upton", "slug": "upton-ma", "county": "Worcester", "nearby": ["Hopkinton", "Milford", "Grafton", "Mendon"]},
    {"name": "Grafton", "slug": "grafton-ma", "county": "Worcester", "nearby": ["Westborough", "Shrewsbury", "Upton", "Millbury"]},
    {"name": "Wellesley", "slug": "wellesley-ma", "county": "Norfolk", "nearby": ["Natick", "Needham", "Weston", "Newton"]},
    {"name": "Village Of Nagog Woods", "slug": "village-of-nagog-woods-ma", "county": "Middlesex", "nearby": ["Acton", "Littleton"]},
    {"name": "Sterling", "slug": "sterling-ma", "county": "Worcester", "nearby": ["Clinton", "Lancaster", "West Boylston", "Princeton"]},
    {"name": "Littleton", "slug": "littleton-ma", "county": "Middlesex", "nearby": ["Acton", "Boxborough", "Harvard", "Westford"]},
    {"name": "Devens", "slug": "devens-ma", "county": "Worcester", "nearby": ["Ayer", "Harvard", "Lancaster", "Shirley"]},
    {"name": "Milford", "slug": "milford-ma", "county": "Worcester", "nearby": ["Hopkinton", "Holliston", "Upton", "Hopedale"]},
    {"name": "Wellesley Hills", "slug": "wellesley-hills-ma", "county": "Norfolk", "nearby": ["Wellesley", "Natick", "Needham"]},
    {"name": "South Grafton", "slug": "south-grafton-ma", "county": "Worcester", "nearby": ["Grafton", "Upton", "Millbury"]},
    {"name": "Ayer", "slug": "ayer-ma", "county": "Middlesex", "nearby": ["Devens", "Littleton", "Groton", "Shirley"]},
    {"name": "Worcester", "slug": "worcester-ma", "county": "Worcester", "nearby": ["Shrewsbury", "Auburn", "Holden", "Millbury"]},
    {"name": "Newton Lower Falls", "slug": "newton-lower-falls-ma", "county": "Middlesex", "nearby": ["Newton", "Wellesley", "Needham"]},
    {"name": "Babson Park", "slug": "babson-park-ma", "county": "Norfolk", "nearby": ["Wellesley", "Needham", "Newton"]},
    {"name": "Auburndale", "slug": "auburndale-ma", "county": "Middlesex", "nearby": ["Newton", "Waltham", "Wellesley"]},
    {"name": "Northbridge", "slug": "northbridge-ma", "county": "Worcester", "nearby": ["Grafton", "Upton", "Sutton", "Uxbridge"]},
    {"name": "Medway", "slug": "medway-ma", "county": "Norfolk", "nearby": ["Millis", "Franklin", "Holliston", "Bellingham"]},
    {"name": "Holden", "slug": "holden-ma", "county": "Worcester", "nearby": ["Worcester", "West Boylston", "Princeton", "Rutland"]},
    {"name": "Waltham", "slug": "waltham-ma", "county": "Middlesex", "nearby": ["Newton", "Lexington", "Belmont", "Watertown"]},
    {"name": "Shirley", "slug": "shirley-ma", "county": "Middlesex", "nearby": ["Ayer", "Lunenburg", "Groton", "Lancaster"]},
    {"name": "Hanscom AFB", "slug": "hanscom-afb-ma", "county": "Middlesex", "nearby": ["Bedford", "Lincoln", "Lexington", "Concord"]},
    {"name": "Dover", "slug": "dover-ma", "county": "Norfolk", "nearby": ["Sherborn", "Natick", "Needham", "Medfield"]},
    {"name": "Hopedale", "slug": "hopedale-ma", "county": "Worcester", "nearby": ["Milford", "Mendon", "Upton", "Bellingham"]},
    {"name": "Millbury", "slug": "millbury-ma", "county": "Worcester", "nearby": ["Worcester", "Grafton", "Auburn", "Sutton"]},
    {"name": "Carlisle", "slug": "carlisle-ma", "county": "Middlesex", "nearby": ["Concord", "Acton", "Bedford", "Chelmsford"]},
    {"name": "Millis", "slug": "millis-ma", "county": "Norfolk", "nearby": ["Medway", "Sherborn", "Norfolk", "Holliston"]},
    {"name": "West Newton", "slug": "west-newton-ma", "county": "Middlesex", "nearby": ["Newton", "Waltham", "Wellesley"]},
    {"name": "Waban", "slug": "waban-ma", "county": "Middlesex", "nearby": ["Newton", "Wellesley", "Needham"]},
    {"name": "Needham Heights", "slug": "needham-heights-ma", "county": "Norfolk", "nearby": ["Needham", "Newton", "Wellesley"]},
    {"name": "Leominster", "slug": "leominster-ma", "county": "Worcester", "nearby": ["Lancaster", "Lunenburg", "Fitchburg", "Sterling"]},
    {"name": "Bedford", "slug": "bedford-ma", "county": "Middlesex", "nearby": ["Lexington", "Lincoln", "Concord", "Burlington"]},
    {"name": "Needham", "slug": "needham-ma", "county": "Norfolk", "nearby": ["Wellesley", "Newton", "Dover", "Dedham"]},
    {"name": "Newton Upper Falls", "slug": "newton-upper-falls-ma", "county": "Middlesex", "nearby": ["Newton", "Needham", "Wellesley"]},
    {"name": "North Waltham", "slug": "north-waltham-ma", "county": "Middlesex", "nearby": ["Waltham", "Lexington", "Belmont"]},
    {"name": "Medfield", "slug": "medfield-ma", "county": "Norfolk", "nearby": ["Dover", "Sherborn", "Millis", "Norfolk"]},
    {"name": "Jefferson", "slug": "jefferson-ma", "county": "Worcester", "nearby": ["Holden", "Sterling", "West Boylston"]},
    {"name": "Newton Center", "slug": "newton-center-ma", "county": "Middlesex", "nearby": ["Newton", "Brookline", "Wellesley"]},
    {"name": "Newtonville", "slug": "newtonville-ma", "county": "Middlesex", "nearby": ["Newton", "Waltham", "Watertown"]},
    {"name": "East Princeton", "slug": "east-princeton-ma", "county": "Worcester", "nearby": ["Princeton", "Sterling", "Holden"]},
    {"name": "Westford", "slug": "westford-ma", "county": "Middlesex", "nearby": ["Littleton", "Chelmsford", "Groton", "Carlisle"]},
    {"name": "Nonantum", "slug": "nonantum-ma", "county": "Middlesex", "nearby": ["Newton", "Waltham", "Watertown"]},
    {"name": "Whitinsville", "slug": "whitinsville-ma", "county": "Worcester", "nearby": ["Northbridge", "Uxbridge", "Grafton"]},
    {"name": "Readville", "slug": "readville-ma", "county": "Suffolk", "nearby": ["Hyde Park", "Dedham", "Milton"]},
    {"name": "Mendon", "slug": "mendon-ma", "county": "Worcester", "nearby": ["Upton", "Hopedale", "Milford", "Bellingham"]},
    {"name": "Newton Highlands", "slug": "newton-highlands-ma", "county": "Middlesex", "nearby": ["Newton", "Needham", "Wellesley"]},
    {"name": "Sutton", "slug": "sutton-ma", "county": "Worcester", "nearby": ["Grafton", "Millbury", "Northbridge", "Douglas"]},
    {"name": "West Groton", "slug": "west-groton-ma", "county": "Middlesex", "nearby": ["Groton", "Pepperell", "Townsend"]},
    {"name": "Lexington", "slug": "lexington-ma", "county": "Middlesex", "nearby": ["Bedford", "Lincoln", "Waltham", "Arlington"]},
    {"name": "Groton", "slug": "groton-ma", "county": "Middlesex", "nearby": ["Ayer", "Westford", "Pepperell", "Shirley"]},
    {"name": "Auburn", "slug": "auburn-ma", "county": "Worcester", "nearby": ["Worcester", "Millbury", "Oxford", "Charlton"]},
    {"name": "Newton", "slug": "newton-ma", "county": "Middlesex", "nearby": ["Wellesley", "Waltham", "Brookline", "Needham"]},
    {"name": "West Millbury", "slug": "west-millbury-ma", "county": "Worcester", "nearby": ["Millbury", "Sutton", "Grafton"]},
    {"name": "Linwood", "slug": "linwood-ma", "county": "Worcester", "nearby": ["Northbridge", "Uxbridge", "Whitinsville"]},
    {"name": "Princeton", "slug": "princeton-ma", "county": "Worcester", "nearby": ["Sterling", "Holden", "Westminster", "Rutland"]},
    {"name": "Waverley", "slug": "waverley-ma", "county": "Middlesex", "nearby": ["Belmont", "Waltham", "Newton"]},
    {"name": "Cherry Valley", "slug": "cherry-valley-ma", "county": "Worcester", "nearby": ["Leicester", "Worcester", "Auburn"]},
    {"name": "Belmont", "slug": "belmont-ma", "county": "Middlesex", "nearby": ["Waltham", "Arlington", "Cambridge", "Watertown"]},
    {"name": "Lunenburg", "slug": "lunenburg-ma", "county": "Worcester", "nearby": ["Leominster", "Shirley", "Fitchburg", "Townsend"]},
    {"name": "North Uxbridge", "slug": "north-uxbridge-ma", "county": "Worcester", "nearby": ["Uxbridge", "Northbridge", "Mendon"]},
    {"name": "Nutting Lake", "slug": "nutting-lake-ma", "county": "Middlesex", "nearby": ["Billerica", "Burlington"]},
    {"name": "Arlington Heights", "slug": "arlington-heights-ma", "county": "Middlesex", "nearby": ["Arlington", "Lexington", "Belmont"]},
    {"name": "Franklin", "slug": "franklin-ma", "county": "Norfolk", "nearby": ["Medway", "Bellingham", "Milford", "Norfolk"]},
    {"name": "Chelmsford", "slug": "chelmsford-ma", "county": "Middlesex", "nearby": ["Westford", "Carlisle", "Lowell", "Billerica"]},
    {"name": "Chestnut Hill", "slug": "chestnut-hill-ma", "county": "Middlesex", "nearby": ["Newton", "Brookline", "Wellesley"]},
    {"name": "Bellingham", "slug": "bellingham-ma", "county": "Norfolk", "nearby": ["Franklin", "Mendon", "Milford", "Blackstone"]},
    {"name": "Westwood", "slug": "westwood-ma", "county": "Norfolk", "nearby": ["Norwood", "Dedham", "Dover", "Canton"]},
    {"name": "Paxton", "slug": "paxton-ma", "county": "Worcester", "nearby": ["Worcester", "Holden", "Rutland", "Leicester"]},
    {"name": "Norfolk", "slug": "norfolk-ma", "county": "Norfolk", "nearby": ["Millis", "Medway", "Franklin", "Wrentham"]},
    {"name": "Marlborough", "slug": "marlborough-ma", "county": "Middlesex", "nearby": ["Hudson", "Northborough", "Southborough", "Berlin"]},
    {"name": "Andover", "slug": "andover-ma", "county": "Essex", "nearby": ["North Andover", "Lawrence", "Tewksbury", "Wilmington"]},
    {"name": "Arlington", "slug": "arlington-ma", "county": "Middlesex", "nearby": ["Lexington", "Cambridge", "Belmont", "Medford"]},
    {"name": "Billerica", "slug": "billerica-ma", "county": "Middlesex", "nearby": ["Burlington", "Chelmsford", "Tewksbury", "Bedford"]},
    {"name": "Boston", "slug": "boston-ma", "county": "Suffolk", "nearby": ["Cambridge", "Brookline", "Somerville", "Quincy"]},
    {"name": "Braintree", "slug": "braintree-ma", "county": "Norfolk", "nearby": ["Quincy", "Weymouth", "Randolph", "Milton"]},
    {"name": "Brookline", "slug": "brookline-ma", "county": "Norfolk", "nearby": ["Boston", "Newton", "Cambridge", "Chestnut Hill"]},
    {"name": "Burlington", "slug": "burlington-ma", "county": "Middlesex", "nearby": ["Billerica", "Bedford", "Woburn", "Lexington"]},
    {"name": "Cambridge", "slug": "cambridge-ma", "county": "Middlesex", "nearby": ["Boston", "Somerville", "Arlington", "Belmont"]},
    {"name": "Dudley", "slug": "dudley-ma", "county": "Worcester", "nearby": ["Webster", "Oxford", "Southbridge", "Charlton"]},
    {"name": "Fitchburg", "slug": "fitchburg-ma", "county": "Worcester", "nearby": ["Leominster", "Lunenburg", "Westminster", "Ashby"]},
    {"name": "Foxborough", "slug": "foxborough-ma", "county": "Norfolk", "nearby": ["Mansfield", "Wrentham", "Sharon", "Norton"]},
    {"name": "Leicester", "slug": "leicester-ma", "county": "Worcester", "nearby": ["Worcester", "Spencer", "Auburn", "Paxton"]},
    {"name": "Lowell", "slug": "lowell-ma", "county": "Middlesex", "nearby": ["Chelmsford", "Tewksbury", "Dracut", "Billerica"]},
    {"name": "Malden", "slug": "malden-ma", "county": "Middlesex", "nearby": ["Medford", "Everett", "Melrose", "Somerville"]},
    {"name": "Mansfield", "slug": "mansfield-ma", "county": "Bristol", "nearby": ["Foxborough", "Norton", "Easton", "Sharon"]},
    {"name": "Medford", "slug": "medford-ma", "county": "Middlesex", "nearby": ["Somerville", "Arlington", "Malden", "Winchester"]},
    {"name": "Melrose", "slug": "melrose-ma", "county": "Middlesex", "nearby": ["Malden", "Wakefield", "Stoneham", "Medford"]},
    {"name": "North Reading", "slug": "north-reading-ma", "county": "Middlesex", "nearby": ["Reading", "Wilmington", "Andover", "Middleton"]},
    {"name": "Norton", "slug": "norton-ma", "county": "Bristol", "nearby": ["Mansfield", "Attleboro", "Easton", "Taunton"]},
    {"name": "Oxford", "slug": "oxford-ma", "county": "Worcester", "nearby": ["Auburn", "Webster", "Dudley", "Charlton"]},
    {"name": "Pepperell", "slug": "pepperell-ma", "county": "Middlesex", "nearby": ["Groton", "Townsend", "Dunstable", "Hollis"]},
    {"name": "Quincy", "slug": "quincy-ma", "county": "Norfolk", "nearby": ["Boston", "Braintree", "Milton", "Weymouth"]},
    {"name": "Reading", "slug": "reading-ma", "county": "Middlesex", "nearby": ["Wakefield", "North Reading", "Wilmington", "Stoneham"]},
    {"name": "Rutland", "slug": "rutland-ma", "county": "Worcester", "nearby": ["Holden", "Paxton", "Princeton", "Barre"]},
    {"name": "Somerville", "slug": "somerville-ma", "county": "Middlesex", "nearby": ["Cambridge", "Boston", "Medford", "Arlington"]},
    {"name": "Spencer", "slug": "spencer-ma", "county": "Worcester", "nearby": ["Leicester", "Brookfield", "East Brookfield", "Charlton"]},
    {"name": "Stoneham", "slug": "stoneham-ma", "county": "Middlesex", "nearby": ["Melrose", "Wakefield", "Reading", "Winchester"]},
    {"name": "Sturbridge", "slug": "sturbridge-ma", "county": "Worcester", "nearby": ["Southbridge", "Charlton", "Brimfield", "Holland"]},
    {"name": "Tewksbury", "slug": "tewksbury-ma", "county": "Middlesex", "nearby": ["Lowell", "Billerica", "Andover", "Wilmington"]},
    {"name": "Townsend", "slug": "townsend-ma", "county": "Middlesex", "nearby": ["Pepperell", "Lunenburg", "Ashby", "Fitchburg"]},
    {"name": "Uxbridge", "slug": "uxbridge-ma", "county": "Worcester", "nearby": ["Northbridge", "Mendon", "Douglas", "Sutton"]},
    {"name": "Wakefield", "slug": "wakefield-ma", "county": "Middlesex", "nearby": ["Reading", "Melrose", "Stoneham", "Lynnfield"]},
    {"name": "Watertown", "slug": "watertown-ma", "county": "Middlesex", "nearby": ["Waltham", "Newton", "Cambridge", "Belmont"]},
    {"name": "Webster", "slug": "webster-ma", "county": "Worcester", "nearby": ["Dudley", "Oxford", "Douglas", "Thompson"]},
    {"name": "Weymouth", "slug": "weymouth-ma", "county": "Norfolk", "nearby": ["Braintree", "Quincy", "Hingham", "Rockland"]},
    {"name": "Wilmington", "slug": "wilmington-ma", "county": "Middlesex", "nearby": ["Billerica", "Tewksbury", "Reading", "Burlington"]},
    {"name": "Winchester", "slug": "winchester-ma", "county": "Middlesex", "nearby": ["Medford", "Arlington", "Woburn", "Stoneham"]},
    {"name": "Woburn", "slug": "woburn-ma", "county": "Middlesex", "nearby": ["Burlington", "Winchester", "Lexington", "Reading"]},
    {"name": "Wrentham", "slug": "wrentham-ma", "county": "Norfolk", "nearby": ["Foxborough", "Norfolk", "Franklin", "Plainville"]}
  ]
}
